{
  "fidelity": 0.7243,
  "x_error": 0.102861,
  "y_error": 0.143557,
  "z_error": 0.029282
}
